{
	"background": {
		"mode": "rgb",
		"maxes": {
			"rgb": [255, 255, 255, 255],
			"hsb": [360, 100, 100, 1],
			"hsl": [360, 100, 100, 1]
		},
		"_array": [1, 0.7176470588235294, 0.25098039215686274, 1],
		"levels": [255, 183, 64, 255]
	},
	"maze": {
		"mode": "rgb",
		"maxes": {
			"rgb": [255, 255, 255, 255],
			"hsb": [360, 100, 100, 1],
			"hsl": [360, 100, 100, 1]
		},
		"_array": [0.8745098039215686, 0.44313725490196076, 0.10588235294117647, 1],
		"levels": [223, 113, 27, 255]
	},
	"mazeWall": {
		"mode": "rgb",
		"maxes": {
			"rgb": [255, 255, 255, 255],
			"hsb": [360, 100, 100, 1],
			"hsl": [360, 100, 100, 1]
		},
		"_array": [1, 0.8352941176470589, 0.49411764705882355, 1],
		"levels": [255, 213, 126, 255]
	},
	"player": {
		"mode": "rgb",
		"maxes": {
			"rgb": [255, 255, 255, 255],
			"hsb": [360, 100, 100, 1],
			"hsl": [360, 100, 100, 1]
		},
		"_array": [0.39215686274509803, 0.788235294117647, 0.8117647058823529, 1],
		"levels": [100, 201, 207, 255]
	},
	"target": {
		"mode": "rgb",
		"maxes": {
			"rgb": [255, 255, 255, 255],
			"hsb": [360, 100, 100, 1],
			"hsl": [360, 100, 100, 1]
		},
		"_array": [1, 1, 1, 1],
		"levels": [255, 255, 255, 255]
	},
	"text": {
		"mode": "rgb",
		"maxes": {
			"rgb": [255, 255, 255, 255],
			"hsb": [360, 100, 100, 1],
			"hsl": [360, 100, 100, 1]
		},
		"_array": [0.7843137254901961, 0.7843137254901961, 0.7843137254901961, 1],
		"levels": [200, 200, 200, 255]
	},
	"button": {
		"mode": "rgb",
		"maxes": {
			"rgb": [255, 255, 255, 255],
			"hsb": [360, 100, 100, 1],
			"hsl": [360, 100, 100, 1]
		},
		"_array": [0.39215686274509803, 0.39215686274509803, 0.39215686274509803, 1],
		"levels": [100, 100, 100, 255]
	}
}
