{
	"background": {
		"mode": "rgb",
		"maxes": {
			"rgb": [255, 255, 255, 255],
			"hsb": [360, 100, 100, 1],
			"hsl": [360, 100, 100, 1]
		},
		"_array": [0.9019607843137255, 0.4549019607843137, 0.0392156862745098, 1],
		"levels": [230, 116, 10, 255]
	},
	"maze": {
		"mode": "rgb",
		"maxes": {
			"rgb": [255, 255, 255, 255],
			"hsb": [360, 100, 100, 1],
			"hsl": [360, 100, 100, 1]
		},
		"_array": [0.2, 0.13333333333333333, 0.10196078431372549, 1],
		"levels": [51, 34, 26, 255]
	},
	"mazeWall": {
		"mode": "rgb",
		"maxes": {
			"rgb": [255, 255, 255, 255],
			"hsb": [360, 100, 100, 1],
			"hsl": [360, 100, 100, 1]
		},
		"_array": [1, 0.8352941176470589, 0.49411764705882355, 1],
		"levels": [255, 213, 126, 255]
	},
	"player": {
		"mode": "rgb",
		"maxes": {
			"rgb": [255, 255, 255, 255],
			"hsb": [360, 100, 100, 1],
			"hsl": [360, 100, 100, 1]
		},
		"_array": [0.9882352941176471, 0.6509803921568628, 0.3215686274509804, 1],
		"levels": [252, 166, 82, 255]
	},
	"target": {
		"mode": "rgb",
		"maxes": {
			"rgb": [255, 255, 255, 255],
			"hsb": [360, 100, 100, 1],
			"hsl": [360, 100, 100, 1]
		},
		"_array": [0.2980392156862745, 0, 1, 1],
		"levels": [76, 0, 255, 255]
	},
	"text": {
		"mode": "rgb",
		"maxes": {
			"rgb": [255, 255, 255, 255],
			"hsb": [360, 100, 100, 1],
			"hsl": [360, 100, 100, 1]
		},
		"_array": [1, 0.8352941176470589, 0.49411764705882355, 1],
		"levels": [255, 213, 126, 255]
	},
	"button": {
		"mode": "rgb",
		"maxes": {
			"rgb": [255, 255, 255, 255],
			"hsb": [360, 100, 100, 1],
			"hsl": [360, 100, 100, 1]
		},
		"_array": [0.41568627450980394, 0.28627450980392155, 0.16862745098039217, 1],
		"levels": [106, 73, 43, 255]
	}
}
